patient,slide,dataset,category1,category2,regression1,regression2,time,event
5,5,TEST,A,A,0.8444218515250481,0.7579544029403025,53,0
6,6,TEST,B,B,0.25891675029296335,0.5112747213686085,51,1
1_1,1_1,TEST,A,A,0.9677999949201714,0.3580493746949883,27,0
1_2,1_2,TEST,B,B,0.28183784439970383,0.7558042041572239,79,1
2,2,TEST,A,A,0.9872592010330129,0.5325636340885271,90,0
3,3,TEST,B,B,0.3101475693193326,0.7298317482601286,87,1
4,4,TEST,A,A,0.47214271545271336,0.1007012080683658,55,1
